-0.000000000000000000e+00,-0.000000000000000000e+00,8.793883956968784332e-03,1.128374692052602768e-02,2.180709093809127808e-01,5.675000604242086411e-03,1.208574414253234863e+00,1.155528053641319275e-01,2.166505575180053711e+00,2.431313740089535713e-03
-0.000000000000000000e+00,2.431215763092041016e+00,1.038427092134952545e-02,6.107796914875507355e-03,1.057062856853008270e-02,8.633861318230628967e-03,1.074109598994255066e-02,1.884218931198120117e+00,3.891048720106482506e-03,-0.000000000000000000e+00
1.963848248124122620e-03,-0.000000000000000000e+00,1.988981384783983231e-03,1.981871202588081360e-03,5.992492437362670898e-01,3.764558583498001099e-03,1.479166626930236816e+00,2.539130160585045815e-03,5.037391781806945801e-01,1.300581824034452438e-02
2.238142967224121094e+00,1.259726588614284992e-03,2.338315963745117188e+00,9.155155420303344727e-01,1.606949418783187866e-02,2.039492689073085785e-02,9.300675392150878906e-01,3.271195106208324432e-03,1.016173232346773148e-02,-0.000000000000000000e+00
-0.000000000000000000e+00,8.220964111387729645e-03,1.109673261642456055e+00,2.518232583999633789e+00,5.003131031990051270e-01,6.901082117110490799e-03,4.053208045661449432e-03,2.899519205093383789e+00,7.131289839744567871e-01,2.075361786410212517e-03
6.584312915802001953e-01,2.015719655901193619e-03,7.807190064340829849e-03,5.160529166460037231e-03,1.013680696487426758e+00,6.923379376530647278e-03,9.576079249382019043e-02,7.118735462427139282e-03,1.428027823567390442e-02,2.582336425781250000e+00
-0.000000000000000000e+00,5.638600792735815048e-03,9.229825809597969055e-03,6.152985617518424988e-03,8.613117970526218414e-03,3.423799037933349609e+00,1.364014577120542526e-02,2.325576031580567360e-03,8.544871583580970764e-03,1.703130640089511871e-02
4.745612852275371552e-03,-0.000000000000000000e+00,-0.000000000000000000e+00,6.874947343021631241e-03,1.959996297955513000e-02,1.241769194602966309e+00,1.051400229334831238e-02,1.192748459288850427e-04,1.559308886528015137e+00,1.575902581214904785e+00
3.374822437763214111e-03,2.285945117473602295e-01,1.929071396589279175e-01,1.026962650939822197e-03,2.683381084352731705e-03,1.581090092658996582e-01,7.007736247032880783e-03,5.808540154248476028e-03,4.021463450044393539e-03,1.571230590343475342e-03
8.683341741561889648e-01,4.117943346500396729e-03,7.155762314796447754e-01,6.170066539198160172e-03,3.459276631474494934e-03,1.539087772369384766e+00,1.337041240185499191e-02,4.597445428371429443e-01,9.329298734664916992e-01,3.236448764801025391e+00
2.266515254974365234e+00,4.989265929907560349e-03,9.263003617525100708e-02,1.976407598704099655e-03,2.289758436381816864e-02,4.173748660832643509e-03,5.392342340201139450e-03,6.090366747230291367e-03,9.184864349663257599e-03,1.598410129547119141e+00
1.311398148536682129e+00,7.451091893017292023e-03,1.553301334381103516e+00,2.388239622116088867e+00,3.388024330139160156e+00,3.112539416179060936e-03,5.381415598094463348e-03,1.242069005966186523e-01,8.174553513526916504e-01,4.374778866767883301e-01
6.907901726663112640e-03,5.471587646752595901e-04,1.103249937295913696e-02,1.271058917045593262e+00,1.295456290245056152e-02,1.663010954856872559e+00,3.882781267166137695e-01,5.595345050096511841e-03,5.928384605795145035e-03,5.191513337194919586e-04
3.365398943424224854e-01,4.899815190583467484e-03,1.953786849975585938e+00,4.215312004089355469e-01,6.994876079261302948e-03,7.392391562461853027e-01,1.247627567499876022e-02,2.374168634414672852e+00,8.390490412712097168e-01,2.713545322418212891e+00
1.057129144668579102e+00,1.646169275045394897e-02,9.493711404502391815e-03,4.264345392584800720e-03,7.772094011306762695e-01,2.169538736343383789e+00,9.815350174903869629e-03,1.184867322444915771e-02,3.238744102418422699e-03,5.042056087404489517e-03
-0.000000000000000000e+00,7.415094375610351562e-01,5.394199863076210022e-02,2.528870711103081703e-03,8.305053226649761200e-03,1.934393495321273804e-02,1.079570408910512924e-02,5.826702807098627090e-03,2.928104484453797340e-03,1.709363656118512154e-03
9.812614880502223969e-03,1.351341139525175095e-02,3.908252809196710587e-03,9.450830984860658646e-04,8.642753958702087402e-01,4.943951070308685303e-01,7.475470900535583496e-01,7.664757780730724335e-03,4.136374685913324356e-03,6.077039055526256561e-03
-0.000000000000000000e+00,1.698403991758823395e-02,2.608737945556640625e+00,1.453138422220945358e-03,1.437548268586397171e-02,6.970806512981653214e-03,6.638655904680490494e-03,1.145295612514019012e-02,1.485127769410610199e-02,1.450791722163558006e-03
9.254808537662029266e-04,4.019451793283224106e-03,1.076285168528556824e-02,1.240675523877143860e-02,2.053640127182006836e+00,7.932554930448532104e-03,7.493886165320873260e-03,4.251669626682996750e-03,1.231945585459470749e-02,2.554869890213012695e+00
2.793596591800451279e-03,1.171867728233337402e+00,8.119303733110427856e-03,5.619721487164497375e-03,1.163889747112989426e-02,5.772646516561508179e-03,6.498688831925392151e-03,2.145178079605102539e+00,1.443666219711303711e-02,2.170075196772813797e-03
1.888599945232272148e-03,1.719416618347167969e+00,8.698821067810058594e-03,3.715619742870330811e-01,3.656482091173529625e-03,5.345460958778858185e-03,5.425333511084318161e-03,7.624045610427856445e-01,6.055633071810007095e-03,4.980404376983642578e-01
1.716384664177894592e-03,3.476212965324521065e-03,5.937399342656135559e-03,3.927840851247310638e-03,1.196222286671400070e-02,1.277859210968017578e+00,1.118421554565429688e-02,6.396157667040824890e-03,5.096167325973510742e-01,5.824876017868518829e-03
-0.000000000000000000e+00,1.808693557977676392e-01,1.311459764838218689e-02,-0.000000000000000000e+00,3.561403751373291016e-01,2.280768565833568573e-02,8.961356282234191895e-01,1.050085760653018951e-02,8.519138395786285400e-02,2.193351030349731445e+00
-0.000000000000000000e+00,7.092005610466003418e-01,1.576520875096321106e-02,6.859782151877880096e-04,8.622519671916961670e-03,5.913996696472167969e-01,5.273873917758464813e-03,2.069738149642944336e+00,3.795590251684188843e-03,3.689027158543467522e-03
4.433568101376295090e-03,4.780493211001157761e-03,9.892234578728675842e-03,1.650747537612915039e+00,5.954238586127758026e-03,1.241400744765996933e-02,1.175921224057674408e-02,1.726077675819396973e+00,7.729801535606384277e-02,3.637921333312988281e+00
9.145076274871826172e-01,1.061943080276250839e-02,8.856494911015033722e-03,4.905468784272670746e-03,6.618613004684448242e-01,5.394295789301395416e-03,9.306054711341857910e-01,1.849950291216373444e-03,8.522198535501956940e-03,4.026123322546482086e-03
2.702086687088012695e+00,4.431770183145999908e-03,5.204654335975646973e-01,5.045467521995306015e-03,2.252487652003765106e-02,3.605641657486557961e-03,3.054879903793334961e+00,8.193958401679992676e-01,1.411901831626892090e+00,2.497214591130614281e-03
-0.000000000000000000e+00,9.436068125069141388e-03,7.389386650174856186e-03,1.438026070594787598e+00,6.364371627569198608e-03,6.930883973836898804e-03,1.011995133012533188e-02,1.221621502190828323e-02,2.341246366500854492e+00,1.482904672622680664e+00
7.014607079327106476e-03,5.231284536421298981e-03,6.153348833322525024e-03,-0.000000000000000000e+00,5.666912533342838287e-03,1.262876018881797791e-02,5.165039561688899994e-03,6.880603265017271042e-03,1.975354909896850586e+00,4.544405266642570496e-03
8.811184763908386230e-01,8.008867502212524414e-03,1.650458015501499176e-02,-0.000000000000000000e+00,2.474461317062377930e+00,1.564049720764160156e+00,1.666905760765075684e+00,6.146229803562164307e-03,1.800498247146606445e+00,1.037276387214660645e+00
-0.000000000000000000e+00,1.939110636711120605e+00,1.038629282265901566e-02,4.915537834167480469e-01,5.256120115518569946e-03,5.165267270058393478e-03,1.030553132295608521e-02,8.865521550178527832e-01,3.998717758804559708e-03,3.008311614394187927e-04
1.396097335964441299e-02,6.997136399149894714e-03,1.345387220382690430e+00,1.953203678131103516e+00,1.263530808500945568e-03,1.491365116089582443e-02,3.762684296816587448e-03,1.111559569835662842e-02,1.658939361572265625e+00,5.978619214147329330e-03
1.005574595183134079e-02,1.843483090400695801e+00,6.668484769761562347e-03,3.721039742231369019e-03,8.445520885288715363e-03,2.076112508773803711e+00,9.558031335473060608e-03,8.698670193552970886e-03,1.202194951474666595e-02,4.009071271866559982e-04
3.401995301246643066e-01,5.390264559537172318e-03,1.968514546751976013e-02,5.384335294365882874e-03,1.124924048781394958e-03,1.287878632545471191e+00,3.002393245697021484e-02,1.071889519691467285e+00,6.049267053604125977e-01,2.949322700500488281e+00
5.280873179435729980e-01,1.774536562152206898e-03,2.927191671915352345e-04,2.148835919797420502e-02,1.007578056305646896e-02,5.516507476568222046e-02,9.263827204704284668e-01,1.590969855897128582e-03,1.029213191941380501e-03,-0.000000000000000000e+00
5.618669390678405762e-01,1.278403878211975098e+00,1.276056766510009766e+00,1.001467704772949219e+00,3.007965860888361931e-03,1.540862303227186203e-02,6.239412352442741394e-03,9.850558824837207794e-03,6.042121909558773041e-03,-0.000000000000000000e+00
1.658700522966682911e-03,1.277623772621154785e+00,9.021554142236709595e-03,4.373589064925909042e-03,2.385899238288402557e-02,5.244685336947441101e-03,4.315397236496210098e-03,1.970445871353149414e+00,5.179194267839193344e-03,1.712423865683376789e-03
8.390229195356369019e-04,1.595765352249145508e-01,1.097233772277832031e+00,1.423501133918762207e+00,2.024208009243011475e-02,2.511183731257915497e-03,3.611577209085226059e-03,2.535311877727508545e-01,5.760067105293273926e-01,3.751769429072737694e-03
1.107339630834758282e-03,5.651202518492937088e-03,6.515519618988037109e-01,-0.000000000000000000e+00,1.247879490256309509e-02,1.039407774806022644e-02,1.668139696121215820e+00,8.402396924793720245e-03,6.198579445481300354e-03,5.985429976135492325e-03
1.301429886370897293e-02,2.683679107576608658e-03,4.208067432045936584e-03,1.453609228134155273e+00,2.528266981244087219e-03,9.590825438499450684e-01,2.357538789510726929e-02,1.276801433414220810e-02,9.577258825302124023e-01,5.546201020479202271e-03
8.454880714416503906e-01,1.656934805214405060e-02,7.896801829338073730e-01,-0.000000000000000000e+00,9.963843226432800293e-01,5.443556699901819229e-03,1.487598061561584473e+00,1.279862284660339355e+00,2.238341569900512695e+00,1.381265465170145035e-04
-0.000000000000000000e+00,2.794137239456176758e+00,8.279029279947280884e-03,6.114838179200887680e-03,1.459680590778589249e-02,4.842679016292095184e-03,7.119950372725725174e-03,1.716858029365539551e+00,3.974610939621925354e-03,3.795737866312265396e-04
4.572296747937798500e-04,1.365875639021396637e-02,1.184708811342716217e-02,2.632812131196260452e-03,1.304231643676757812e+00,9.727045297622680664e-01,1.014765817672014236e-02,5.049555562436580658e-03,1.138335652649402618e-02,2.974787261337041855e-03
1.951314926147460938e+00,2.554299775511026382e-03,1.943696476519107819e-02,-0.000000000000000000e+00,6.868080701678991318e-03,8.363145403563976288e-03,1.170638389885425568e-02,8.100721053779125214e-03,4.128442145884037018e-03,7.483573164790868759e-03
8.326072096824645996e-01,1.729580014944076538e-02,7.901955246925354004e-01,-0.000000000000000000e+00,8.965632878243923187e-03,1.064908411353826523e-02,1.158044114708900452e-02,1.710893586277961731e-02,2.225872039794921875e+00,3.631654893979430199e-03
1.411290764808654785e+00,1.580193266272544861e-02,9.685526490211486816e-01,-0.000000000000000000e+00,1.225388608872890472e-02,9.569494053721427917e-03,1.052673339843750000e+00,1.314333919435739517e-02,4.128227941691875458e-03,-0.000000000000000000e+00
1.327917695045471191e+00,5.059231072664260864e-03,2.289974875748157501e-02,2.686740830540657043e-03,1.926698721945285797e-02,1.514117512851953506e-02,5.038019735366106033e-03,6.125096231698989868e-03,1.192261219024658203e+00,1.167867183685302734e+00
9.573519825935363770e-01,5.941433366388082504e-03,5.006981547921895981e-03,5.217882804572582245e-03,7.695339322090148926e-01,3.292884230613708496e-01,1.173059549182653427e-02,4.879766143858432770e-03,3.633517073467373848e-03,1.473290324211120605e+00
9.430287173017859459e-04,7.701228260993957520e-01,7.224516943097114563e-03,-0.000000000000000000e+00,1.668318547308444977e-02,3.068650960922241211e+00,9.493751451373100281e-03,1.262914761900901794e-02,6.623161956667900085e-03,7.879751734435558319e-03
-0.000000000000000000e+00,1.777589082717895508e+00,2.074020147323608398e+00,7.930933497846126556e-03,1.479153800755739212e-02,9.435192681849002838e-03,9.667427279055118561e-03,5.459719337522983551e-03,4.309501964598894119e-03,2.170894294977188110e-04
1.782328076660633087e-02,2.049475675448775291e-03,1.940297126770019531e+00,7.467232346534729004e-01,4.806204233318567276e-03,6.027644965797662735e-03,4.205725155770778656e-03,1.283758413046598434e-02,1.027368847280740738e-02,7.027443498373031616e-04
2.889316296204924583e-03,2.844660775735974312e-04,1.314357761293649673e-02,-0.000000000000000000e+00,1.968345284461975098e+00,9.612429887056350708e-03,1.101176626980304718e-02,1.913246512413024902e-01,1.191964466124773026e-02,1.800979524850845337e-01
4.238828085362911224e-03,5.728811956942081451e-03,5.646416451781988144e-03,2.914289712905883789e+00,6.835963111370801926e-03,6.049296818673610687e-03,1.252215981483459473e+00,5.157221108675003052e-03,4.933612421154975891e-03,1.248999591916799545e-02
1.059429068118333817e-02,1.119247637689113617e-02,3.883812665939331055e+00,4.315964411944150925e-03,1.179683282971382141e-01,6.306672468781471252e-03,6.479334086179733276e-03,9.808517061173915863e-03,1.092571113258600235e-02,9.914834052324295044e-03
-0.000000000000000000e+00,1.411486882716417313e-02,8.174111135303974152e-03,1.074158214032649994e-02,2.013872750103473663e-02,6.856102496385574341e-03,1.152510881423950195e+00,9.780299849808216095e-03,1.663721919059753418e+00,8.271896839141845703e-01
1.592959642410278320e+00,2.815036103129386902e-03,2.603970766067504883e+00,6.210597157478332520e-01,1.249681226909160614e-03,1.644463688135147095e-01,5.285067018121480942e-03,4.361296538263559341e-03,6.516180634498596191e-01,3.210060531273484230e-03
-0.000000000000000000e+00,2.597959339618682861e-01,2.708967775106430054e-02,2.017550230026245117e+00,7.432044018059968948e-03,1.113640051335096359e-02,8.204949088394641876e-03,8.562353849411010742e-01,3.762207459658384323e-03,-0.000000000000000000e+00
1.470492687076330185e-03,1.908614158630371094e+00,3.121054172515869141e-01,3.492889460176229477e-03,3.642342388629913330e-01,5.769483279436826706e-03,4.589066840708255768e-03,1.696960479021072388e-01,3.894030814990401268e-03,7.238917052745819092e-03
2.479554176330566406e+00,-0.000000000000000000e+00,1.402159873396158218e-02,1.998659782111644745e-02,1.338497269898653030e-02,1.700757420621812344e-03,1.290986657142639160e+00,1.091340673156082630e-03,2.077439427375793457e-01,4.312345292419195175e-03
1.106080599129199982e-04,3.008575644344091415e-03,1.080574560910463333e-02,1.749868988990783691e+00,5.639125593006610870e-03,1.456276774406433105e+00,6.741673685610294342e-03,4.133630078285932541e-03,3.550790948793292046e-03,3.444636007770895958e-03
-0.000000000000000000e+00,5.284896586090326309e-03,1.203175261616706848e-02,2.839541435241699219e-01,1.872673444449901581e-02,1.169713959097862244e-02,3.231843113899230957e-01,8.384546265006065369e-03,2.219910383224487305e+00,3.965476527810096741e-03
1.276642203330993652e+00,2.156379632651805878e-03,1.595088839530944824e-02,1.562604121863842010e-02,1.492861751466989517e-02,4.663404077291488647e-03,1.478393077850341797e+00,2.649514436721801758e+00,3.849642118439078331e-03,-0.000000000000000000e+00
1.752439420670270920e-03,2.256837673485279083e-03,1.635450497269630432e-02,2.346155233681201935e-04,1.767786778509616852e-02,9.863892793655395508e-01,1.271695550531148911e-02,3.010645043104887009e-03,5.969872698187828064e-03,5.886088125407695770e-03
3.817364340648055077e-03,5.239533726125955582e-03,9.820513427257537842e-03,1.203030347824096680e-03,1.654542051255702972e-02,1.163527742028236389e-02,5.932669155299663544e-03,9.610572457313537598e-01,1.479300111532211304e-02,7.449057884514331818e-03
5.381097197532653809e-01,1.088110357522964478e-02,1.415149450302124023e+00,2.467297948896884918e-03,2.287989296019077301e-02,9.837799705564975739e-03,2.680819749832153320e+00,4.238764941692352295e-01,2.538723945617675781e+00,-0.000000000000000000e+00
1.260306000709533691e+00,3.277951327618211508e-04,-0.000000000000000000e+00,4.384028259664773941e-03,1.461152452975511551e-02,1.878486014902591705e-03,1.991848945617675781e+00,8.685751557350158691e-01,1.049369387328624725e-02,5.622502882033586502e-03
1.866311952471733093e-02,2.723990473896265030e-05,6.906222552061080933e-04,8.934781886637210846e-03,8.878933787345886230e-01,3.290594788268208504e-03,6.820069625973701477e-03,1.832509646192193031e-03,3.967163618654012680e-03,7.419730536639690399e-03
7.294524312019348145e-01,-0.000000000000000000e+00,5.039807409048080444e-03,1.143818604759871960e-03,8.497835397720336914e-01,6.190769374370574951e-03,1.250267505645751953e+00,-0.000000000000000000e+00,6.172416731715202332e-03,4.526132345199584961e-01
2.582514192909002304e-03,3.248326480388641357e-03,-0.000000000000000000e+00,6.968556046485900879e-01,5.154331326484680176e-01,9.003194980323314667e-03,8.868671022355556488e-03,1.318509221076965332e+00,7.437112741172313690e-03,-0.000000000000000000e+00
-0.000000000000000000e+00,6.987886969000101089e-03,7.362232208251953125e-01,3.271956682205200195e+00,1.714457944035530090e-02,6.092831958085298538e-03,4.751054104417562485e-03,1.566498875617980957e+00,4.653164744377136230e-02,3.890233580023050308e-03
1.576817870140075684e+00,1.518524019047617912e-03,1.224755402654409409e-02,2.348570153117179871e-03,1.112264115363359451e-02,6.280219182372093201e-03,1.986950516700744629e+00,2.141802106052637100e-03,6.718695163726806641e-03,4.778765141963958740e-03
7.381903706118464470e-04,4.578983876854181290e-03,1.216804329305887222e-02,3.467760384082794189e-01,5.335569847375154495e-03,4.655714612454175949e-03,4.506641533225774765e-03,1.401627898216247559e+00,4.753890447318553925e-03,1.122230052947998047e+00
1.187904357910156250e+00,-0.000000000000000000e+00,8.683683350682258606e-03,1.722407937049865723e+00,1.392441801726818085e-02,9.183459281921386719e-01,1.355282306671142578e+00,4.408114124089479446e-03,1.922003746032714844e+00,3.527926513925194740e-03
5.793206859380006790e-03,6.330873351544141769e-03,1.359940692782402039e-02,4.996899664402008057e-01,1.412690520286560059e+00,7.370827253907918930e-03,4.469664767384529114e-03,2.585882786661386490e-03,7.138706743717193604e-03,5.072113275527954102e-01
1.150779843330383301e+00,8.670442737638950348e-03,1.166296191513538361e-02,2.081644721329212189e-03,3.204971790313720703e+00,4.015259742736816406e-01,2.195844888687133789e+00,3.899055533111095428e-03,1.242456674575805664e+00,9.421608448028564453e-01
-0.000000000000000000e+00,1.347726345062255859e+00,9.465780109167098999e-03,2.839237917214632034e-03,8.507819771766662598e-01,6.174495443701744080e-03,4.724716767668724060e-03,2.156216502189636230e-01,3.915999550372362137e-03,4.190560430288314819e-04
7.194467820227146149e-03,2.037654921878129244e-04,6.473685614764690399e-03,6.201211363077163696e-06,1.779141649603843689e-02,5.733198020607233047e-03,7.326894439756870270e-03,6.238620728254318237e-03,1.625687256455421448e-02,1.490339398384094238e+00
1.221597194671630859e+00,7.973373867571353912e-03,5.013756155967712402e-01,-0.000000000000000000e+00,1.826222427189350128e-02,6.988804787397384644e-03,1.557875275611877441e+00,1.928756758570671082e-02,7.212358713150024414e-01,1.640668604522943497e-03
-0.000000000000000000e+00,4.338149446994066238e-03,1.276433467864990234e-02,4.494902491569519043e-01,5.355785600841045380e-03,6.599655151367187500e-01,8.800237439572811127e-03,1.894317008554935455e-02,3.539458615705370903e-03,1.264698505401611328e+00
-0.000000000000000000e+00,4.030241165310144424e-03,1.530921738594770432e-02,-0.000000000000000000e+00,6.799292284995317459e-03,2.503717422485351562e+00,9.582071565091609955e-03,5.992588400840759277e-01,3.461466869339346886e-03,3.445127513259649277e-04
-0.000000000000000000e+00,1.166017293930053711e+00,3.986326046288013458e-03,2.847066381946206093e-03,5.839094519615173340e-01,6.291661411523818970e-03,1.322220079600811005e-02,1.519872061908245087e-02,4.798980429768562317e-03,8.894573897123336792e-03
6.275893189013004303e-03,2.690900815650820732e-03,8.212842047214508057e-03,-0.000000000000000000e+00,9.896029718220233917e-03,1.506633963435888290e-02,4.643738269805908203e-01,9.953178465366363525e-03,1.413547635078430176e+00,1.089099794626235962e-02
2.229437351226806641e+00,1.241523586213588715e-02,1.483818292617797852e+00,1.741364002227783203e+00,4.818817377090454102e-01,5.219061858952045441e-03,5.923618562519550323e-03,2.311657220125198364e-01,1.722970247268676758e+00,5.542092323303222656e-01
-0.000000000000000000e+00,1.571561396121978760e-02,2.169105052947998047e+00,1.037201657891273499e-02,1.127769984304904938e-02,8.900365792214870453e-03,1.935637742280960083e-01,2.320105955004692078e-02,1.052666306495666504e+00,2.432347042486071587e-03
2.403235197067260742e+00,5.495471358299255371e-01,1.003155577927827835e-02,-0.000000000000000000e+00,1.376945804804563522e-02,7.097517140209674835e-03,8.322882466018199921e-03,7.160190027207136154e-03,3.688209922984242439e-03,3.664854448288679123e-03
8.658141493797302246e-01,1.366548612713813782e-02,5.805227439850568771e-03,1.830043271183967590e-03,8.610320277512073517e-03,1.282591104507446289e+00,1.564805984497070312e+00,6.011712551116943359e-01,1.165855396538972855e-02,5.790774244815111160e-03
-0.000000000000000000e+00,1.680308952927589417e-03,1.290919259190559387e-02,5.855428986251354218e-03,1.638105511665344238e+00,7.581151723861694336e-01,3.354165470227599144e-03,1.089477911591529846e-02,1.079671457409858704e-02,4.766806028783321381e-03
1.831918396055698395e-02,1.062925904989242554e-02,1.254654210060834885e-02,1.459322636947035789e-03,1.054005604237318039e-02,9.491020813584327698e-03,2.671308994293212891e+00,5.845143925398588181e-03,3.088702680543065071e-03,-0.000000000000000000e+00
9.122269749641418457e-01,1.227161614224314690e-03,9.821785092353820801e-01,7.019077539443969727e-01,4.642922896891832352e-03,7.082273252308368683e-03,1.231221482157707214e-02,9.603525511920452118e-03,3.762616310268640518e-03,3.447026247158646584e-03
1.243879795074462891e+00,1.493599731475114822e-03,4.940014332532882690e-03,8.835216164588928223e-01,1.064935978502035141e-02,9.339608252048492432e-03,1.708554267883300781e+00,2.202989608049392700e-01,2.656242996454238892e-02,6.040160544216632843e-03
1.261058030650019646e-03,6.096911150962114334e-03,7.821710780262947083e-03,2.721151569858193398e-03,5.660916566848754883e-01,5.259908735752105713e-03,1.291320562362670898e+00,4.795557819306850433e-03,7.610193453729152679e-03,-0.000000000000000000e+00
4.986250102519989014e-01,5.407709628343582153e-03,9.742505848407745361e-03,5.177942570298910141e-03,8.128240704536437988e-01,1.644430041313171387e+00,1.172326132655143738e-02,2.474291250109672546e-03,3.134921550750732422e+00,2.382698774337768555e+00
4.355999175459146500e-03,1.064947154372930527e-02,6.414987146854400635e-03,5.715631879866123199e-03,2.036904171109199524e-02,1.101630926132202148e-02,8.543630130589008331e-03,1.543273329734802246e+00,3.471818864345550537e-01,5.105580203235149384e-03
1.797560095787048340e+00,5.774154327809810638e-03,1.439411193132400513e-01,1.498487889766693115e-01,1.138943480327725410e-03,1.215004362165927887e-02,3.064418211579322815e-03,1.669073849916458130e-02,2.147682905197143555e+00,1.889058589935302734e+00
7.024747133255004883e-01,1.034138165414333344e-02,7.735338062047958374e-03,4.658121615648269653e-03,1.043870020657777786e-02,1.317102909088134766e+00,3.325729966163635254e-01,5.865709185600280762e-01,9.753645397722721100e-03,2.142620971426367760e-03
-0.000000000000000000e+00,2.329494338482618332e-03,9.439954534173011780e-03,6.359356455504894257e-03,1.568026654422283173e-02,2.378680109977722168e-01,1.160921528935432434e-02,7.615946815349161625e-04,4.980397410690784454e-03,3.350489616394042969e+00
4.428861429914832115e-04,2.297344850376248360e-03,1.205420017242431641e+00,1.924755334854125977e+00,1.107597723603248596e-02,9.426550865173339844e-01,7.338994182646274567e-03,1.574365742271766067e-04,1.458659052848815918e+00,2.047405112534761429e-03
4.463081359863281250e-01,9.458454325795173645e-03,9.480698034167289734e-03,3.156423330307006836e+00,9.823147207498550415e-03,2.499459743499755859e+00,7.077781483530998230e-03,7.106761913746595383e-03,3.978344146162271500e-03,1.506134271621704102e+00
-0.000000000000000000e+00,4.527570679783821106e-03,1.735978722572326660e+00,7.414707448333501816e-03,4.943474233150482178e-01,2.845128532499074936e-03,1.220025029033422470e-02,5.003938451409339905e-03,3.907210659235715866e-03,1.109440694563090801e-03
-0.000000000000000000e+00,8.466270565986633301e-01,1.402188930660486221e-02,1.458942517638206482e-02,1.342114247381687164e-02,7.526984438300132751e-03,1.236501988023519516e-02,7.650199346244335175e-03,1.015668153762817383e+00,3.252925584092736244e-03
-0.000000000000000000e+00,5.210677161812782288e-03,7.161152083426713943e-03,1.185366630554199219e+00,1.383709549903869629e+00,1.441625237464904785e+00,1.288144942373037338e-02,2.265749964863061905e-03,6.362691055983304977e-03,2.571092605590820312e+00
3.946644067764282227e-01,-0.000000000000000000e+00,-0.000000000000000000e+00,2.173557877540588379e-03,5.153411626815795898e-01,7.026979327201843262e-01,2.862741053104400635e-02,5.313692092895507812e-01,8.884730748832225800e-03,8.674752898514270782e-03
9.756832718849182129e-01,2.238319635391235352e+00,1.710816621780395508e+00,2.201849129050970078e-03,5.996269173920154572e-03,6.322340574115514755e-03,8.208617568016052246e-03,2.545603364706039429e-02,4.012646153569221497e-03,1.025503128767013550e-02
-0.000000000000000000e+00,1.545488119125366211e+00,7.697173394262790680e-03,9.406516328454017639e-03,1.328418254852294922e+00,5.678762681782245636e-03,6.904360651969909668e-01,7.771994452923536301e-03,4.247830715030431747e-03,7.740720175206661224e-04
5.111342668533325195e-01,1.688152179121971130e-02,9.683291316032409668e-01,-0.000000000000000000e+00,1.596962660551071167e-02,8.524902164936065674e-03,1.696981787681579590e+00,1.306500937789678574e-02,1.386115074157714844e+00,3.282493446022272110e-03
9.531869888305664062e-01,8.023882284760475159e-03,4.792237188667058945e-03,-0.000000000000000000e+00,1.503268070518970490e-02,8.520495146512985229e-03,1.376529224216938019e-02,7.012791465967893600e-03,2.582554472610354424e-03,2.720656571909785271e-03
1.136626489460468292e-02,8.387333154678344727e-02,1.957046985626220703e-02,-0.000000000000000000e+00,1.397089846432209015e-02,1.573123037815093994e-02,2.691890001296997070e+00,6.888010539114475250e-03,3.133090445771813393e-03,-0.000000000000000000e+00
7.094740867614746094e-01,4.224860109388828278e-03,8.721193298697471619e-03,4.826818592846393585e-03,5.635097622871398926e-03,1.024989131838083267e-02,4.973732866346836090e-03,1.617289543151855469e+00,4.171838983893394470e-03,-0.000000000000000000e+00
5.332888364791870117e-01,1.582492515444755554e-02,1.945182681083679199e-02,-0.000000000000000000e+00,1.225906796753406525e-02,1.179152131080627441e+00,7.648006081581115723e-03,8.351868018507957458e-03,1.867733001708984375e+00,5.578668713569641113e-01
-0.000000000000000000e+00,9.783718734979629517e-03,1.687783360481262207e+00,9.855921380221843719e-03,7.664716802537441254e-03,4.830378573387861252e-03,1.400492060929536819e-02,6.030186545103788376e-03,2.506209909915924072e-02,7.959460839629173279e-03
9.432771475985646248e-04,4.740085452795028687e-03,1.906340271234512329e-01,4.870052915066480637e-03,5.704523064196109772e-03,3.682485818862915039e-01,7.698544766753911972e-03,7.113917963579297066e-04,2.146032571792602539e+00,1.040592789649963379e-02
2.717338562011718750e+00,-0.000000000000000000e+00,5.639230366796255112e-04,1.168381329625844955e-02,2.613447904586791992e-01,4.548750584945082664e-04,2.606549501419067383e+00,6.137353833764791489e-03,1.827674917876720428e-03,8.406237699091434479e-03
2.508065663278102875e-03,7.367974147200584412e-03,1.601698994636535645e-02,1.075904726982116699e+00,5.432031583040952682e-03,5.804440937936306000e-03,5.090038292109966278e-03,1.373572707176208496e+00,1.174986828118562698e-02,8.551439270377159119e-03
-0.000000000000000000e+00,6.541168782860040665e-03,1.010147094726562500e+00,2.157368697226047516e-03,2.059492282569408417e-02,6.339979358017444611e-03,8.770024403929710388e-03,3.287410130724310875e-03,2.465756610035896301e-02,2.335926052182912827e-03
6.372497882694005966e-04,2.500612521544098854e-03,2.440473318099975586e+00,4.481247626245021820e-03,1.974256396293640137e+00,9.588590823113918304e-03,4.950088448822498322e-03,1.470068702474236488e-03,2.230677939951419830e-02,5.492926575243473053e-03
9.954962879419326782e-03,9.325562044978141785e-03,1.585181802511215210e-02,2.630182728171348572e-02,2.176389098167419434e-02,3.204962471500039101e-03,1.315883547067642212e-01,1.501346938312053680e-03,2.432231187820434570e+00,2.891719574108719826e-03
-0.000000000000000000e+00,7.068338394165039062e-01,5.728572141379117966e-03,8.501084521412849426e-03,2.248285338282585144e-02,7.434882223606109619e-03,9.506787173449993134e-03,8.067833259701728821e-03,8.163012266159057617e-01,4.853262007236480713e-01
1.196652770042419434e+00,5.348175298422574997e-03,7.025335449725389481e-03,1.050542712211608887e+00,8.318381384015083313e-03,9.152417182922363281e-01,1.496629789471626282e-02,6.959073711186647415e-03,1.886747479438781738e+00,2.934075891971588135e-03
1.143742203712463379e+00,2.844897389877587557e-04,1.377681177109479904e-02,-0.000000000000000000e+00,1.391564961522817612e-02,1.227065827697515488e-02,1.006491109728813171e-02,5.738622974604368210e-03,4.725360777229070663e-03,7.842014431953430176e-01
1.540899462997913361e-02,-0.000000000000000000e+00,5.333102345466613770e-01,3.352197352796792984e-03,8.392368443310260773e-03,1.110783405601978302e-02,1.094006419181823730e+00,7.866558618843555450e-03,5.513885524123907089e-03,-0.000000000000000000e+00
1.329880766570568085e-02,-0.000000000000000000e+00,1.085899071767926216e-03,8.362572407349944115e-04,7.400388717651367188e-01,4.741176031529903412e-03,6.125763058662414551e-03,2.189292572438716888e-03,4.601929336786270142e-03,9.995121508836746216e-03
1.844897389411926270e+00,2.702987287193536758e-03,5.057897418737411499e-03,3.708719508722424507e-03,1.184778884053230286e-01,9.181115776300430298e-03,1.193500962108373642e-02,1.648158669471740723e+00,1.687460206449031830e-02,4.812966100871562958e-03
-0.000000000000000000e+00,1.317836880683898926e+00,2.802028894424438477e+00,6.255834596231579781e-04,4.274934530258178711e-03,5.984951741993427277e-03,7.454253435134887695e-01,2.682421589270234108e-03,1.726361274719238281e+00,-0.000000000000000000e+00
8.812035433948040009e-03,6.119530298747122288e-04,-0.000000000000000000e+00,6.695772986859083176e-03,6.895560026168823242e-01,4.234675318002700806e-03,6.428611930459737778e-03,1.350378734059631824e-03,3.916865214705467224e-03,6.703058257699012756e-03
7.376667112112045288e-03,2.449610736221075058e-03,1.294916510581970215e+00,7.977977395057678223e-03,9.736513718962669373e-03,1.085396762937307358e-02,8.768339157104492188e-01,9.564724750816822052e-03,3.740788903087377548e-03,-0.000000000000000000e+00
5.461595021188259125e-03,9.787361621856689453e-01,9.764288552105426788e-03,4.009375814348459244e-03,4.167729854583740234e+00,1.011582091450691223e-02,1.483364123851060867e-02,1.312624011188745499e-02,4.430478438735008240e-03,-0.000000000000000000e+00
-0.000000000000000000e+00,1.388414483517408371e-02,1.047529559582471848e-02,4.150254186242818832e-03,1.436797738075256348e+00,9.732612408697605133e-03,3.814936615526676178e-03,2.109065055847167969e+00,7.281205616891384125e-03,9.662926793098449707e-01
2.986765466630458832e-03,9.390351362526416779e-03,1.242295093834400177e-02,3.903851378709077835e-03,1.092188358306884766e+00,6.353334058076143265e-03,2.273758314549922943e-02,3.471461534500122070e-01,4.036402329802513123e-03,1.501951456069946289e+00
2.347216010093688965e-02,2.485099554061889648e+00,1.301552355289459229e-02,-0.000000000000000000e+00,1.074802130460739136e-03,9.592596292495727539e-01,1.137625146657228470e-02,8.372261188924312592e-03,5.127563141286373138e-03,1.392944157123565674e-02
1.099149465560913086e+00,2.836199244484305382e-03,2.700255155563354492e+00,1.462725400924682617e-01,4.483636002987623215e-03,5.942426621913909912e-03,1.499485690146684647e-02,6.692584156990051270e-01,6.018431857228279114e-03,1.483350634574890137e+00
-0.000000000000000000e+00,1.610033214092254639e-03,6.344598717987537384e-03,2.547045946121215820e+00,9.765073657035827637e-03,1.845031857490539551e+00,1.319622807204723358e-02,2.993245143443346024e-03,9.236914105713367462e-03,3.298989729955792427e-03
5.082263611257076263e-03,9.177955798804759979e-03,4.171563312411308289e-03,1.412022233009338379e+00,7.853659801185131073e-03,4.079681336879730225e-01,1.201650857925415039e+00,3.710558870807290077e-03,1.435557752847671509e-02,4.047440364956855774e-03
-0.000000000000000000e+00,2.492087334394454956e-01,2.551624774932861328e+00,7.510825060307979584e-03,1.539722550660371780e-02,5.920020863413810730e-03,6.849695928394794464e-03,1.563493013381958008e+00,1.216222625225782394e-02,4.670559428632259369e-05
-0.000000000000000000e+00,1.541129779070615768e-03,3.074634552001953125e+00,3.704237751662731171e-03,1.407181750982999802e-02,5.349088925868272781e-03,1.982886314392089844e+00,1.167278923094272614e-02,3.880066331475973129e-03,4.024689085781574249e-03
-0.000000000000000000e+00,7.340445648878812790e-03,9.505964815616607666e-03,-0.000000000000000000e+00,6.824488043785095215e-01,7.283917628228664398e-03,8.196051232516765594e-03,7.927088066935539246e-03,2.078460603952407837e-01,1.002615571022033691e+00
-0.000000000000000000e+00,6.571973562240600586e-01,1.021291222423315048e-02,5.506303310394287109e-01,1.901803724467754364e-02,5.055734887719154358e-03,6.068107672035694122e-03,2.741330265998840332e-01,6.065037567168474197e-03,4.629124999046325684e-01
1.531533449888229370e-01,6.799156777560710907e-03,1.052931603044271469e-02,4.055054858326911926e-03,4.846789874136447906e-03,1.658277027308940887e-02,3.873712848871946335e-03,5.279343109577894211e-03,8.279841393232345581e-03,2.512514829635620117e+00
-0.000000000000000000e+00,3.282577730715274811e-03,8.176070638000965118e-03,5.558328237384557724e-03,1.411337126046419144e-02,1.950383543968200684e+00,6.811498999595642090e-01,7.925399579107761383e-03,2.623721957206726074e-01,1.484160311520099640e-03
1.588376998901367188e+00,9.431976941414177418e-04,1.650894619524478912e-02,2.054326701909303665e-03,1.619886048138141632e-02,2.562799453735351562e+00,1.567815616726875305e-02,1.053610369563102722e-01,3.676949534565210342e-03,2.617199439555406570e-03
2.745773410424590111e-03,-0.000000000000000000e+00,2.428720472380518913e-05,2.170242834836244583e-03,1.158343441784381866e-02,3.291003108024597168e-01,8.574531413614749908e-03,1.212948653846979141e-02,1.249035168439149857e-02,1.587794661521911621e+00
7.393202781677246094e-01,5.162667632102966309e-01,1.156223565340042114e-02,-0.000000000000000000e+00,1.834468683227896690e-03,1.302325446158647537e-02,1.539865694940090179e-02,4.119385033845901489e-03,4.013732541352510452e-03,4.071570001542568207e-03
-0.000000000000000000e+00,8.968385457992553711e-01,1.103816740214824677e-02,1.393043901771306992e-03,1.191009044647216797e+00,5.836681928485631943e-03,6.679229438304901123e-03,6.997694727033376694e-03,5.820264108479022980e-03,1.303499937057495117e+00
3.310707397758960724e-04,1.022915448993444443e-02,9.813766926527023315e-03,1.619243741035461426e+00,1.187546364963054657e-02,1.173704743385314941e+00,5.752608180046081543e-03,8.074329234659671783e-03,3.896872047334909439e-03,1.171035412698984146e-02
1.351962052285671234e-02,8.856482505798339844e-01,5.989853758364915848e-03,9.646998047828674316e-01,4.059245809912681580e-03,1.338476408272981644e-02,1.137248147279024124e-02,4.874509759247303009e-03,8.272979408502578735e-03,9.991843253374099731e-03
1.224948558956384659e-02,7.362618343904614449e-04,1.068822806701064110e-03,-0.000000000000000000e+00,4.883266985416412354e-01,5.702154040336608887e-01,6.559089757502079010e-03,3.690915880724787712e-03,7.317773532122373581e-03,8.579251356422901154e-03
1.876173377037048340e+00,1.109873689711093903e-02,1.213957905769348145e+00,9.265624880790710449e-01,9.057599902153015137e-01,3.233320778235793114e-03,3.967529162764549255e-03,4.848625361919403076e-01,1.744667053222656250e+00,7.028212547302246094e-01
-0.000000000000000000e+00,1.117402672767639160e+00,1.118885725736618042e-02,-0.000000000000000000e+00,1.471510343253612518e-02,9.168583899736404419e-03,8.836402557790279388e-03,3.367319703102111816e-01,3.655932610854506493e-03,1.486265182495117188e+00
4.328141221776604652e-05,6.381235718727111816e-01,5.477871373295783997e-02,1.680709421634674072e-03,5.898052360862493515e-03,2.201133780181407928e-02,1.333581190556287766e-02,6.636162754148244858e-03,2.077364828437566757e-03,1.226664986461400986e-03
-0.000000000000000000e+00,1.418730854988098145e+00,1.004946604371070862e-02,1.032434463500976562e+00,3.230709116905927658e-03,1.437574438750743866e-02,1.311758533120155334e-02,1.751670800149440765e-02,4.947098437696695328e-03,-0.000000000000000000e+00
3.087881021201610565e-03,1.055840216577053070e-02,1.839438080787658691e-02,5.738670006394386292e-04,9.424859657883644104e-03,2.137847423553466797e+00,7.932413369417190552e-03,5.179992914199829102e-01,6.100709084421396255e-03,1.222386024892330170e-03
-0.000000000000000000e+00,3.794209260377101600e-05,4.633464850485324860e-04,1.491816015914082527e-03,2.287643194198608398e+00,7.668891921639442444e-04,1.045594178140163422e-02,2.445129677653312683e-03,4.045196995139122009e-02,2.688943624496459961e+00
-0.000000000000000000e+00,7.063996512442827225e-03,1.499162197113037109e+00,-0.000000000000000000e+00,1.357574343681335449e+00,1.199796330183744431e-02,8.601502515375614166e-03,1.756261467933654785e+00,1.161008421331644058e-02,1.489502750337123871e-02
-0.000000000000000000e+00,1.224962063133716583e-03,9.693733416497707367e-03,-0.000000000000000000e+00,1.725703477859497070e-02,8.197963237762451172e-03,7.454012986272573471e-03,1.097802162170410156e+00,1.238270755857229233e-02,5.130410790443420410e-01
9.796822071075439453e-01,7.897191680967807770e-03,7.077806163579225540e-03,5.247349850833415985e-03,9.844840168952941895e-01,6.791158765554428101e-02,1.841423064470291138e-01,2.159470226615667343e-03,1.604597926139831543e+00,2.534317255020141602e+00
-0.000000000000000000e+00,5.606993567198514938e-03,6.746271625161170959e-03,1.783564567565917969e+00,1.261062547564506531e-02,7.317300885915756226e-03,2.329754590988159180e+00,9.475606493651866913e-03,4.862734079360961914e-01,4.775518085807561874e-03
5.821059923619031906e-03,-0.000000000000000000e+00,1.617577485740184784e-02,1.878191828727722168e+00,1.176169328391551971e-02,7.965538650751113892e-03,1.796594977378845215e+00,4.387584514915943146e-03,2.225786685943603516e+00,1.642643706873059273e-03
-0.000000000000000000e+00,1.072558045387268066e+00,1.002529542893171310e-02,3.825773485004901886e-03,3.723379690200090408e-03,5.999357905238866806e-03,1.301794406026601791e-02,2.931602239608764648e+00,3.798574907705187798e-03,4.096524789929389954e-04
4.203079733997583389e-03,5.946823582053184509e-02,1.452959060668945312e+00,1.573435729369521141e-03,4.113622009754180908e-03,3.560913028195500374e-03,6.917819846421480179e-03,5.432142876088619232e-03,1.218453142791986465e-02,1.591898966580629349e-03
3.113560199737548828e+00,2.064061700366437435e-04,2.455096226185560226e-03,4.089898429811000824e-04,1.242813095450401306e-02,2.383248647674918175e-03,5.116662476211786270e-03,5.913915485143661499e-02,1.901518926024436951e-02,2.816810369491577148e+00
9.726870656013488770e-01,1.804810881614685059e+00,1.884153811261057854e-03,1.984921693801879883e-01,1.338708400726318359e-02,1.208767481148242950e-02,5.832671523094177246e-01,5.186231732368469238e-01,3.957227803766727448e-03,6.667489651590585709e-03
2.411855850368738174e-03,8.717186748981475830e-03,4.418600797653198242e-01,1.347310561686754227e-02,2.758239023387432098e-02,2.925341017544269562e-03,1.455894231796264648e+00,7.366231642663478851e-03,2.423175334930419922e+00,5.367648554965853691e-04
-0.000000000000000000e+00,3.854661481454968452e-03,5.539756268262863159e-03,9.846903383731842041e-03,1.717358082532882690e-02,2.797509908676147461e+00,2.048628807067871094e+00,9.025973267853260040e-03,1.388726472854614258e+00,2.322257263585925102e-03
-0.000000000000000000e+00,1.000727295875549316e+00,1.792830589693039656e-04,1.667240977287292480e+00,9.474543854594230652e-03,9.413395524024963379e-01,9.132743813097476959e-03,1.977580366656184196e-03,1.529730916023254395e+00,4.863335052505135536e-04
5.132385063916444778e-03,1.817566109821200371e-03,7.802724838256835938e-03,2.108696103096008301e-01,1.685101032257080078e+00,9.448816999793052673e-03,1.029826235026121140e-02,6.768054328858852386e-03,1.358559966087341309e+00,5.481070838868618011e-04
2.779485285282135010e-01,5.053657107055187225e-03,1.361183762550354004e+00,-0.000000000000000000e+00,1.692237332463264465e-02,7.612765766680240631e-03,1.238588616251945496e-02,7.965885102748870850e-03,3.845055587589740753e-03,4.130932502448558807e-04
1.021713972091674805e+00,9.592883586883544922e-01,6.500682327896356583e-03,1.398884342052042484e-03,6.368828937411308289e-03,5.468913819640874863e-03,1.403899788856506348e+00,2.046296373009681702e-02,3.895118366926908493e-03,-0.000000000000000000e+00
1.040589180774986744e-03,2.062306165695190430e+00,4.875062499195337296e-03,4.179424941539764404e-01,9.344145059585571289e-01,2.936975099146366119e-03,4.066469147801399231e-03,1.045980334281921387e+00,3.576966468244791031e-03,-0.000000000000000000e+00
-0.000000000000000000e+00,3.216992139816284180e+00,9.780844673514366150e-03,6.092963274568319321e-03,1.510594248771667480e+00,6.717651616781949997e-03,1.335832290351390839e-02,1.546582486480474472e-02,8.064960129559040070e-03,3.284292528405785561e-03
1.812650822103023529e-03,9.211745262145996094e-01,1.702147006988525391e+00,5.759001970291137695e-01,2.119992256164550781e+00,3.021234180778264999e-03,3.820332698523998260e-03,1.194620609283447266e+00,8.398575708270072937e-03,4.446112811565399170e-01
-0.000000000000000000e+00,3.862140467390418053e-03,7.627369761466979980e-01,1.536768674850463867e+00,1.874188899993896484e+00,1.346386782824993134e-02,1.027420256286859512e-02,7.211228832602500916e-03,3.869672538712620735e-03,2.059614518657326698e-03
1.224134922027587891e+00,2.031611651182174683e-02,9.733458980917930603e-03,1.908032178878784180e+00,6.532448809593915939e-03,8.575963377952575684e-01,1.272573787719011307e-02,2.528320532292127609e-03,3.748013637959957123e-03,2.952659502625465393e-03
9.913737177848815918e-01,1.267899125814437866e-01,1.337282732129096985e-02,-0.000000000000000000e+00,1.103582512587308884e-02,1.136390306055545807e-02,1.971030950546264648e+00,1.139663066715002060e-02,1.659649252891540527e+00,4.495271481573581696e-03
1.672366168349981308e-03,1.233397610485553741e-02,1.197116255760192871e+00,7.915483787655830383e-03,2.215280055999755859e+00,3.614785615354776382e-03,1.014330890029668808e-03,1.905995488166809082e+00,2.000162124633789062e+00,6.586610078811645508e-01
2.778233587741851807e-01,1.130245858803391457e-03,1.162391714751720428e-02,5.328715778887271881e-03,3.158773854374885559e-02,4.897647071629762650e-03,1.330920934677124023e+00,2.584035973995923996e-03,1.074619498103857040e-02,7.916307076811790466e-03
-0.000000000000000000e+00,1.215486787259578705e-03,1.415160391479730606e-02,3.980166614055633545e-01,1.234780345112085342e-02,9.683653712272644043e-03,5.393764004111289978e-03,2.631364762783050537e-01,8.875670842826366425e-03,4.533610343933105469e-01
4.825339019298553467e-01,4.127788357436656952e-03,1.594626784324645996e+00,-0.000000000000000000e+00,6.837732624262571335e-03,1.138486154377460480e-02,2.410845085978507996e-02,8.283026516437530518e-03,5.070630926638841629e-03,-0.000000000000000000e+00
-0.000000000000000000e+00,4.474755376577377319e-03,2.489394275471568108e-03,7.591087818145751953e-01,1.128980331122875214e-02,2.037515491247177124e-02,4.073287826031446457e-03,1.138465166091918945e+00,6.990922614932060242e-03,4.326709508895874023e-01
-0.000000000000000000e+00,1.282462570816278458e-02,8.216110058128833771e-03,1.799563288688659668e+00,9.054644964635372162e-03,3.038170635700225830e-01,7.263079285621643066e-03,8.080889470875263214e-03,7.347314357757568359e-01,1.372760627418756485e-02
2.691523432731628418e-01,3.644787706434726715e-03,1.463425531983375549e-02,1.212619543075561523e+00,1.385053247213363647e-02,4.258904755115509033e-01,1.891454696655273438e+00,4.008707124739885330e-03,1.064697653055191040e-02,1.142595894634723663e-03
2.601575613021850586e+00,4.830095916986465454e-03,1.068424433469772339e-02,7.118788957595825195e-01,3.296823240816593170e-03,1.075795758515596390e-02,5.831788759678602219e-03,1.492637116461992264e-02,6.694896146655082703e-03,4.032447468489408493e-04
1.224930118769407272e-02,9.305918812751770020e-01,5.696961656212806702e-03,5.928595084697008133e-03,5.873302929103374481e-03,8.352374434471130371e-01,1.071524433791637421e-02,9.211806058883666992e-01,1.626678928732872009e-02,2.532745711505413055e-04
1.892873551696538925e-04,2.428229570388793945e+00,1.692873537540435791e-01,6.692224182188510895e-03,5.522165913134813309e-03,5.265103187412023544e-03,8.010976016521453857e-03,1.180599629878997803e-02,3.857478499412536621e-03,1.053951447829604149e-03
6.137980613857507706e-03,1.032885193824768066e+00,7.412707898765802383e-03,4.757003858685493469e-03,9.652052074670791626e-03,1.111334376037120819e-02,1.428076386451721191e+00,6.994209717959165573e-03,7.866732776165008545e-03,2.368758898228406906e-03
9.775598645210266113e-01,1.277890871278941631e-03,1.420359965413808823e-02,1.182173471897840500e-02,1.296974439173936844e-02,4.588247742503881454e-03,1.017532348632812500e+00,2.420411910861730576e-03,3.989323042333126068e-03,1.475344151258468628e-01
-0.000000000000000000e+00,2.112489700317382812e+00,1.097718439996242523e-02,9.261172264814376831e-03,2.497939348220825195e+00,1.054728984832763672e+00,4.591308068484067917e-03,6.019194126129150391e-01,9.572915732860565186e-03,7.890146225690841675e-04
2.398868799209594727e+00,8.701374754309654236e-03,1.715142652392387390e-02,8.458487391471862793e-01,8.100863546133041382e-03,7.467097602784633636e-03,1.137964893132448196e-02,8.191413246095180511e-03,3.387189703062176704e-03,8.740851655602455139e-03
1.530410170555114746e+00,1.678682048805058002e-03,2.269746735692024231e-02,1.613239012658596039e-02,4.168131388723850250e-03,1.564823985099792480e+00,3.238549223169684410e-03,1.783355116844177246e+00,1.385112758725881577e-02,4.932883679866790771e-01
-0.000000000000000000e+00,6.324533224105834961e-01,1.251363940536975861e-02,5.495107732713222504e-03,2.567792654037475586e+00,9.878072142601013184e-01,8.195077069103717804e-03,4.727983847260475159e-03,4.052989650517702103e-03,3.965126872062683105e-01
7.890972483437508345e-05,-0.000000000000000000e+00,-0.000000000000000000e+00,3.887061960995197296e-03,1.041912317276000977e+00,1.903329491615295410e+00,1.013138610869646072e-02,2.930413465946912766e-03,8.864117860794067383e-01,1.411628909409046173e-02
1.617742236703634262e-03,2.258274005725979805e-03,4.593599587678909302e-04,7.265441417694091797e-01,1.337973121553659439e-02,1.088583189994096756e-02,3.525183536112308502e-03,8.652024269104003906e-01,1.357338950037956238e-02,6.517114639282226562e-01
1.108464971184730530e-02,1.372777938842773438e+00,1.767703890800476074e-02,6.636981368064880371e-01,7.754742167890071869e-03,6.942292675375938416e-03,6.522819865494966507e-03,9.196031838655471802e-03,3.809235990047454834e-03,1.923162490129470825e-02
-0.000000000000000000e+00,9.983005002140998840e-03,1.470949221402406693e-02,-0.000000000000000000e+00,1.300469636917114258e+00,7.946701720356941223e-03,4.421866964548826218e-03,5.362587571144104004e-01,3.903832985088229179e-03,1.984015464782714844e+00
1.133741021156311035e+00,1.883313991129398346e-02,1.360489334911108017e-02,1.149104721844196320e-02,1.315963268280029297e+00,6.997744087129831314e-03,1.579675823450088501e-01,6.223010132089257240e-04,1.012407802045345306e-02,3.017404582351446152e-03
-0.000000000000000000e+00,2.114496707916259766e+00,2.526301145553588867e-01,1.527943968772888184e+00,7.817702367901802063e-03,4.686514846980571747e-03,5.894740112125873566e-03,6.626776419579982758e-03,4.033375531435012817e-03,3.806781023740768433e-07
-0.000000000000000000e+00,2.209493398666381836e+00,1.889420486986637115e-02,3.613146021962165833e-03,1.256662141531705856e-02,6.890553049743175507e-03,8.574177511036396027e-03,1.541866660118103027e+00,3.905276302248239517e-03,6.534098647534847260e-04
-0.000000000000000000e+00,5.059143900871276855e-01,4.771242849528789520e-03,6.665428169071674347e-03,1.787795543670654297e+00,1.192352082580327988e-02,1.232561003416776657e-02,1.385351419448852539e+00,4.662304185330867767e-03,4.634634591639041901e-03
-0.000000000000000000e+00,6.083719432353973389e-03,9.045378863811492920e-02,1.636227488517761230e+00,5.688631441444158554e-03,6.159273441880941391e-03,8.899738080799579620e-03,6.978127639740705490e-03,4.772603511810302734e-03,3.478144761174917221e-03
1.389122366905212402e+00,-0.000000000000000000e+00,-0.000000000000000000e+00,5.405059084296226501e-03,1.485406607389450073e-02,2.602221677079796791e-03,1.097475737333297729e-02,1.298493593931198120e-01,1.271562933921813965e+00,6.680188700556755066e-03
-0.000000000000000000e+00,2.106712341308593750e+00,1.111048102378845215e+00,2.641884144395589828e-03,7.823520340025424957e-03,6.614195182919502258e-03,5.132614970207214355e-01,6.686060689389705658e-03,4.684268496930599213e-03,2.044278662651777267e-04
4.661332815885543823e-03,1.146666146814823151e-02,3.452457115054130554e-02,2.263727426528930664e+00,7.359785027801990509e-03,1.334552280604839325e-02,1.329505629837512970e-02,6.458386313170194626e-03,3.012115135788917542e-03,2.060720231384038925e-03
-0.000000000000000000e+00,1.801223456859588623e-01,1.452706102281808853e-02,8.417914509773254395e-01,7.683475967496633530e-03,5.885386373847723007e-03,1.147029921412467957e-02,4.177222494035959244e-03,8.474785089492797852e-01,1.307058613747358322e-03
1.465889625251293182e-02,6.422918522730469704e-04,2.181909047067165375e-03,1.478152126073837280e-01,3.609326668083667755e-03,8.168407678604125977e-01,7.245073318481445312e-01,8.404819294810295105e-03,7.229533046483993530e-03,-0.000000000000000000e+00
2.092241525650024414e+00,-0.000000000000000000e+00,9.481452405452728271e-03,1.279044663533568382e-03,6.401297170668840408e-03,9.329932928085327148e-01,8.620623499155044556e-03,4.678749013692140579e-03,3.065586322918534279e-03,4.399028606712818146e-03
3.087472869083285332e-03,2.114481525495648384e-03,2.152660395950078964e-03,1.032526325434446335e-02,8.981613516807556152e-01,4.921024665236473083e-03,1.088186353445053101e-02,3.993614227510988712e-04,3.050412982702255249e-03,6.629948504269123077e-03
1.519577763974666595e-02,1.003580051474273205e-03,-0.000000000000000000e+00,1.220252513885498047e+00,1.175717730075120926e-02,1.510574854910373688e-02,4.682224709540605545e-03,1.584475398063659668e+00,5.287772975862026215e-03,-0.000000000000000000e+00
-0.000000000000000000e+00,1.311849117279052734e+00,3.751098178327083588e-03,3.262873888015747070e-01,1.103957742452621460e-02,9.363085962831974030e-03,8.013305664062500000e-01,1.125356461852788925e-02,5.634631961584091187e-03,3.144789719954133034e-03
1.669065952301025391e-01,1.040286757051944733e-02,8.259719237685203552e-03,2.844929229468107224e-03,1.402459200471639633e-02,1.284921914339065552e-02,9.827034547924995422e-03,8.941213488578796387e-01,1.667842984199523926e+00,5.532830022275447845e-03
-0.000000000000000000e+00,1.414675638079643250e-02,1.674270443618297577e-02,3.495896700769662857e-03,4.872885532677173615e-03,1.693130843341350555e-02,1.310993544757366180e-02,9.411716461181640625e-02,1.331670731306076050e-01,4.065842151641845703e+00
-0.000000000000000000e+00,3.956737928092479706e-03,4.585468471050262451e-01,-0.000000000000000000e+00,1.174102351069450378e-02,2.633931348100304604e-03,4.869834482669830322e-01,1.425063470378518105e-03,8.672244846820831299e-03,-0.000000000000000000e+00
-0.000000000000000000e+00,8.356456644833087921e-03,1.496823597699403763e-02,6.007004063576459885e-03,1.328909583389759064e-02,8.558224886655807495e-03,3.797140121459960938e-01,1.819077849388122559e+00,3.737905761227011681e-03,-0.000000000000000000e+00
3.989728167653083801e-03,1.799523830413818359e-02,4.248555660247802734e+00,5.665673874318599701e-03,1.384169794619083405e-02,1.091927662491798401e-02,1.878939382731914520e-02,2.612111158668994904e-03,1.111967861652374268e-02,5.561532452702522278e-03
3.258088603615760803e-03,1.788905978202819824e+00,9.194547310471534729e-03,-0.000000000000000000e+00,3.602271201089024544e-03,1.144614629447460175e-02,1.290072035044431686e-02,8.634965866804122925e-03,5.813603289425373077e-03,5.869958549737930298e-04
3.016778500750660896e-03,7.633003406226634979e-04,7.693099323660135269e-03,3.602586984634399414e-01,2.495505148544907570e-03,5.644620656967163086e-01,3.954057116061449051e-03,1.564524020068347454e-03,5.661544390022754669e-03,2.139783231541514397e-03
-0.000000000000000000e+00,5.553494691848754883e-01,4.981377162039279938e-03,1.313868211582303047e-03,2.098586969077587128e-02,7.194324396550655365e-03,8.914204314351081848e-03,8.766039460897445679e-02,3.820195328444242477e-03,3.186058104038238525e-01
9.268258213996887207e-01,3.487464666366577148e+00,2.482715062797069550e-02,3.026993386447429657e-02,5.218577105551958084e-03,1.748638972640037537e-02,-0.000000000000000000e+00,1.291663050651550293e+00,6.592521909624338150e-03,4.794564098119735718e-03
5.978201981633901596e-03,8.990330100059509277e-01,3.441497217863798141e-03,9.577540680766105652e-03,1.729264408349990845e-01,6.528533063828945160e-03,4.446830451488494873e-01,6.911316420882940292e-03,5.302843172103166580e-03,2.298509236425161362e-03
1.140062093734741211e+00,6.189987063407897949e-03,6.463347077369689941e-01,2.784142732620239258e+00,1.950192809104919434e+00,5.779786966741085052e-03,3.254652488976716995e-03,1.188688538968563080e-02,1.515859179198741913e-02,4.912698641419410706e-04
1.156127080321311951e-02,7.628218154422938824e-04,1.593099720776081085e-02,6.969271898269653320e-01,9.358051465824246407e-04,1.010295629501342773e+00,1.694386638700962067e-02,6.921210326254367828e-03,1.981392502784729004e+00,1.667317986488342285e+00
-0.000000000000000000e+00,2.377256631851196289e+00,2.396163702011108398e+00,8.800480514764785767e-03,9.792965836822986603e-03,9.624328464269638062e-03,6.597512867301702499e-03,2.802142174914479256e-03,2.230863094329833984e+00,3.264467697590589523e-03
-0.000000000000000000e+00,6.598448846489191055e-03,1.415308844298124313e-02,2.103615086525678635e-03,1.325118076056241989e-02,7.768360972404479980e-01,7.817135192453861237e-03,4.313176032155752182e-03,8.630823343992233276e-02,2.053778851404786110e-03
5.713318008929491043e-03,8.886036872863769531e-01,1.291196141391992569e-02,8.065789006650447845e-05,1.714035170152783394e-03,1.210582628846168518e-02,3.814098611474037170e-02,3.086457960307598114e-03,3.449539886787533760e-03,1.838738098740577698e-04
7.729907520115375519e-04,3.112308913841843605e-03,9.405919350683689117e-03,5.097184795886278152e-03,3.491932759061455727e-03,1.401408854871988297e-02,6.932541728019714355e-03,2.195661306381225586e+00,2.661866322159767151e-02,-0.000000000000000000e+00
9.791756980121135712e-03,1.486901640892028809e+00,6.540300790220499039e-03,6.153382826596498489e-03,1.206718944013118744e-02,2.475299119949340820e+00,1.328793168067932129e-02,2.536479383707046509e-03,7.070880383253097534e-03,3.670920152217149734e-03
-0.000000000000000000e+00,2.082319930195808411e-03,1.898820161819458008e+00,2.523078583180904388e-03,1.365304645150899887e-02,1.018115401268005371e+00,4.349258262664079666e-03,9.131783619523048401e-03,3.486240748316049576e-03,3.118412569165229797e-04
-0.000000000000000000e+00,-0.000000000000000000e+00,7.041285280138254166e-03,-0.000000000000000000e+00,5.548635125160217285e-01,7.125876843929290771e-03,8.804468438029289246e-03,7.790458798408508301e-01,1.507903821766376495e-02,1.073183894157409668e+00
4.194449782371520996e-01,7.513078860938549042e-03,6.856112740933895111e-03,5.425305105745792389e-03,2.264046669006347656e+00,6.856336258351802826e-03,1.782002329826354980e+00,2.268325304612517357e-03,1.681255921721458435e-02,5.915557965636253357e-03
-0.000000000000000000e+00,7.398800924420356750e-03,1.627274602651596069e-02,6.630307435989379883e-01,1.235541421920061111e-02,1.298723742365837097e-02,1.202158909291028976e-02,3.229358196258544922e+00,4.908270668238401413e-03,-0.000000000000000000e+00
-0.000000000000000000e+00,3.830362576991319656e-03,1.242717262357473373e-02,2.489199861884117126e-03,1.763662137091159821e-02,1.467974901199340820e+00,7.781203836202621460e-03,2.617439022287726402e-03,1.598099432885646820e-02,2.929477952420711517e-03
-0.000000000000000000e+00,3.616425907239317894e-03,4.332542046904563904e-02,1.857865452766418457e-01,2.653765492141246796e-03,1.543880626559257507e-02,7.463918533176183701e-03,1.398269925266504288e-02,3.667464945465326309e-03,1.558534979820251465e+00
1.325932502746582031e+00,1.634354516863822937e-02,1.945801195688545704e-03,6.241510622203350067e-03,1.220712423324584961e+00,4.694460891187191010e-03,1.010321140289306641e+00,1.601725583896040916e-03,5.701910704374313354e-03,3.285031020641326904e-01
2.530689118430018425e-03,1.311207175254821777e+00,3.716420233249664307e-01,1.093655824661254883e-03,3.850802546367049217e-03,1.509475335478782654e-02,1.332058757543563843e-02,9.232421405613422394e-03,6.578327156603336334e-03,2.613511867821216583e-03
-0.000000000000000000e+00,7.780344225466251373e-03,9.301681071519851685e-03,1.017292961478233337e-02,2.302102558314800262e-02,2.973884576931595802e-03,1.130455136299133301e+00,4.762768279761075974e-03,2.904427647590637207e-01,6.658960133790969849e-03
1.265223254449665546e-03,2.984728896990418434e-03,9.768650867044925690e-03,5.824711173772811890e-03,9.125767275691032410e-03,1.980534911155700684e+00,1.031798124313354492e-02,1.731874537654221058e-03,1.597018122673034668e+00,3.618644084781408310e-03
-0.000000000000000000e+00,7.157772779464721680e-04,9.416099637746810913e-03,2.222550630569458008e+00,1.050734043121337891e+00,1.744636774063110352e+00,1.207210123538970947e-02,3.352894447743892670e-03,3.864365164190530777e-03,2.697840929031372070e+00
1.110933780670166016e+00,1.105450093746185303e-02,-0.000000000000000000e+00,3.393928287550806999e-03,1.364304184913635254e+00,1.378286164253950119e-02,8.498448878526687622e-03,6.778980023227632046e-04,2.991319401189684868e-03,1.592504046857357025e-02
7.413415908813476562e-01,5.225833971053361893e-03,1.471827507019042969e+00,-0.000000000000000000e+00,1.171882823109626770e-02,7.967231795191764832e-03,1.230445742607116699e+00,1.297124661505222321e-02,3.965371288359165192e-03,-0.000000000000000000e+00
6.836208514869213104e-03,9.684175252914428711e-03,8.164490461349487305e-01,3.959828522056341171e-03,1.266607828438282013e-02,1.635071277618408203e+00,7.296681404113769531e-03,1.728707738220691681e-02,2.973225899040699005e-03,8.995425887405872345e-04
-0.000000000000000000e+00,2.855456471443176270e-01,1.737676024436950684e+00,-0.000000000000000000e+00,1.218997873365879059e-02,1.048505492508411407e-02,6.909281946718692780e-03,1.697239518165588379e+00,4.231254570186138153e-03,2.301855478435754776e-03
-0.000000000000000000e+00,9.984713792800903320e-02,6.828224286437034607e-03,8.048001676797866821e-03,1.336767435073852539e+00,3.506188154220581055e+00,8.047609925270080566e-01,5.926546454429626465e-01,4.530356451869010925e-02,4.049250856041908264e-04
-0.000000000000000000e+00,5.087930709123611450e-03,8.329635020345449448e-04,6.811862587928771973e-01,1.582583785057067871e-02,7.941843941807746887e-03,8.092448115348815918e-03,5.267775058746337891e-01,1.344127953052520752e-02,2.421725774183869362e-03
1.278243726119399071e-03,6.217007525265216827e-03,1.103002671152353287e-02,1.264510154724121094e+00,1.149834878742694855e-02,1.422224521636962891e+00,7.181281689554452896e-03,6.239333190023899078e-03,7.120796944946050644e-03,4.612967837601900101e-03
-0.000000000000000000e+00,2.947351895272731781e-04,7.401200942695140839e-03,-0.000000000000000000e+00,9.478424787521362305e-01,6.183446850627660751e-03,8.562109433114528656e-03,1.806316375732421875e-01,1.176206581294536591e-02,4.681927859783172607e-01
8.579866960644721985e-03,1.433142577297985554e-03,3.161353990435600281e-03,2.448636339977383614e-03,1.074281707406044006e-02,7.192393764853477478e-03,7.643543649464845657e-03,1.145889866165816784e-03,1.141666434705257416e-02,7.883002758026123047e-01
6.075121760368347168e-01,2.641007071360945702e-03,2.533941296860575676e-03,4.707594867795705795e-03,2.845138609409332275e-01,1.131171267479658127e-02,9.116538800299167633e-03,1.353330444544553757e-02,1.792486384510993958e-02,9.365297555923461914e-01
-0.000000000000000000e+00,6.226904392242431641e-01,8.810942173004150391e-01,1.137349288910627365e-03,1.034651789814233780e-02,8.985752239823341370e-03,1.337827682495117188e+00,1.037056837230920792e-02,3.887078259140253067e-03,1.115327002480626106e-03
5.929620470851659775e-03,4.985612817108631134e-03,1.939526875503361225e-03,4.803209099918603897e-03,2.051426097750663757e-03,1.351351618766784668e+00,1.446501165628433228e-02,4.237515968270599842e-04,1.277023274451494217e-02,4.979977384209632874e-04
8.665156960487365723e-01,-0.000000000000000000e+00,1.163064688444137573e-02,1.981415599584579468e-02,1.562399696558713913e-02,2.366438973695039749e-03,2.009086608886718750e+00,1.489258953370153904e-03,8.963205851614475250e-03,4.121461417526006699e-03
-0.000000000000000000e+00,4.534633364528417587e-03,3.630023241043090820e+00,5.287381820380687714e-03,9.209089912474155426e-03,9.236494079232215881e-03,1.436496526002883911e-02,3.705949755385518074e-03,4.644159693270921707e-03,1.519710663706064224e-02
-0.000000000000000000e+00,2.474599983543157578e-03,1.606632955372333527e-02,1.099699363112449646e-02,2.547403812408447266e+00,6.240895949304103851e-03,1.215872354805469513e-02,2.345813252031803131e-02,3.557414282113313675e-03,1.462056767195463181e-02
-0.000000000000000000e+00,3.012954955920577049e-03,1.210228074342012405e-02,3.622989635914564133e-03,8.992088958621025085e-03,3.498966339975595474e-03,8.574872277677059174e-03,3.113782266154885292e-03,6.278067231178283691e-01,-0.000000000000000000e+00
-0.000000000000000000e+00,4.647532477974891663e-03,-0.000000000000000000e+00,1.366402953863143921e-01,9.586379863321781158e-03,1.692014187574386597e-02,9.378292597830295563e-03,3.431581426411867142e-03,7.001041769981384277e-01,7.964518852531909943e-03
1.903331041336059570e+00,5.580216646194458008e-03,6.809206213802099228e-03,2.239790745079517365e-03,9.724201634526252747e-03,7.535323500633239746e-03,2.529704332351684570e+00,7.691192906349897385e-03,2.680832862854003906e+00,4.221061244606971741e-03
-0.000000000000000000e+00,8.669229224324226379e-03,4.338840022683143616e-03,1.923709511756896973e+00,2.024448476731777191e-02,9.446004405617713928e-03,9.800274856388568878e-03,1.115550875663757324e+00,3.764717280864715576e-02,4.936534911394119263e-03
-0.000000000000000000e+00,5.487571004778146744e-03,7.577835582196712494e-03,1.134295016527175903e-03,2.872991608455777168e-03,5.992661118507385254e-01,1.902223005890846252e-02,1.876977384090423584e-01,3.091465448960661888e-03,7.010577246546745300e-04
7.067047059535980225e-03,2.611931180581450462e-03,8.828482590615749359e-03,9.280556812882423401e-03,1.033152081072330475e-02,6.480515934526920319e-03,5.126097798347473145e-01,1.286584019660949707e+00,2.635227918624877930e+00,5.848458968102931976e-04
-0.000000000000000000e+00,1.429054071195423603e-03,1.717299968004226685e-02,9.524999186396598816e-04,1.563910365104675293e+00,9.021053090691566467e-03,1.201750990003347397e-02,1.091479778289794922e+00,3.286631312221288681e-03,1.269578188657760620e-02
